"0","knitr::opts_chunk$set(echo=FALSE, eval=TRUE, message=FALSE, warning=FALSE, fig.height=6)"
"0",""
"0","# Carga paquetes"
"0","library(""haven"")"
"0","library(""tidyverse"")"
"0","library(""stargazer"")"
"0","library(""knitr"")"
"0","library(""viridis"")"
"0","library(""xtable"")"
"0","library(""rmarkdown"")"
"0","library(""tinytex"")"
"0",""
"0",""
"0","setwd(dirdata)"
"2","Warning:"
"2"," The working directory was changed to /Users/Mauricio/Library/Mobile Documents/com~apple~CloudDocs/Teaching/ISUC/2021_2_data_analysis_r/repo/slides/class_16/workflow_adv/data inside a notebook chunk. The working directory will be reset when the chunk is finished running. Use the knitr root.dir option in the setup chunk to change the working directory for notebook chunks.
"
"0","essdata <- read_dta(""ESS8_subset.dta""); essdata"
